[{"url": "https://github.com/chatrat12/layerdisplay", "name": "LayerDisplay", "key": "layerdisplay"}, {"url": "https://github.com/malnvenshorn/OctoPrint-WebcamTab", "name": "Webcam Tab", "key": "webcamtab"}, {"url": "https://github.com/jneilliii/OctoPrint-SideBarTempGraph", "name": "Sidebar Temp Graph", "key": "sidebartempgraph"}, {"url": "https://github.com/ntoff/OctoPrint-Estop", "name": "Emergency Stop Button", "key": "estop"}, {"url": "https://github.com/bradcfisher/OctoPrint-ExcludeRegionPlugin", "name": "Exclude Region", "key": "excluderegion"}, {"url": "https://github.com/BillyBlaze/OctoPrint-FullScreen", "name": "Fullscreen Plugin", "key": "fullscreen"}, {"url": "https://github.com/Salandora/octoprint-customControl", "name": "Custom Control Editor", "key": "customControl"}, {"url": "https://github.com/ntoff/OctoPrint-AutoCollapse", "name": "Auto Collapse Files", "key": "autocollapse"}, {"url": "https://github.com/OctoPrint/OctoPrint-MQTT", "name": "MQTT", "key": "mqtt"}, {"url": "https://github.com/jneilliii/OctoPrint-TabOrder", "name": "Tab Order", "key": "taborder"}, {"url": "https://github.com/MoonshineSG/OctoPrint-Autoscroll", "name": "Autoscroll", "key": "autoscroll"}, {"url": "http://blog.mmone.de/2018/02/05/octoprint-plugin-for-klipper/", "name": "OctoKlipper", "key": "klipper"}, {"url": "https://github.com/jneilliii/OctoPrint-BedLevelVisualizer", "name": "Bed Visualizer", "key": "bedlevelvisualizer"}, {"url": "https://github.com/kantlivelong/OctoPrint-PSUControl", "name": "PSU Control", "key": "psucontrol"}, {"url": "https://github.com/kantlivelong/OctoPrint-GCodeSystemCommands", "name": "GCODE System Commands", "key": "gcodesystemcommands"}, {"url": "https://github.com/tjjfvi/OctoPrint-SlicerSettingsParser", "name": "SlicerSettingsParser", "key": "SlicerSettingsParser"}, {"url": "https://github.com/OctoPrint/OctoPrint-RequestSpinner", "name": "RequestSpinner", "key": "requestspinner"}, {"url": "https://github.com/imrahil/OctoPrint-NavbarTemp", "name": "Navbar Temperature Plugin", "key": "navbartemp"}, {"url": "https://github.com/cameroncros/Octoprint-DiscordRemote", "name": "DiscordRemote", "key": "discordremote"}, {"url": "https://github.com/jneilliii/OctoPrint-FloatingNavbar", "name": "Floating Navbar", "key": "floatingnavbar"}, {"url": "https://github.com/jneilliii/OctoPrint-ActiveFiltersExtended", "name": "Active Filters Extended", "key": "active_filters_extended"}, {"url": "https://github.com/eyal0/OctoPrint-PrintTimeGenius", "name": "PrintTimeGenius Plugin", "key": "PrintTimeGenius"}, {"url": "https://github.com/marian42/octoprint-preheat", "name": "Preheat Button", "key": "preheat"}]